{
  "dedup": {
    "max_identity": 0.9,
    "champloo_total": 546,
    "champloo_dropped_as_overlap": 455,
    "champloo_kept": 91
  },
  "sabdab_to_champloo_primary": {
    "rung3": {
      "n": 91,
      "n_positive": 14,
      "n_negative": 77,
      "metrics": {
        "threshold": 0.331121375037623,
        "tp": 5.0,
        "fp": 2.0,
        "fn": 9.0,
        "tn": 75.0,
        "precision": 0.7142857142857143,
        "recall": 0.35714285714285715,
        "specificity": 0.974025974025974,
        "fpr": 0.025974025974025976
      },
      "recall_ci": [
        0.14285714285714285,
        0.5714285714285714
      ],
      "specificity_ci": [
        0.935064935064935,
        1.0
      ],
      "precision_ci": [
        0.375,
        1.0
      ],
      "auroc": 0.7578849721706865
    },
    "rung0_contrast": {
      "n": 91,
      "n_positive": 14,
      "n_negative": 77,
      "metrics": {
        "threshold": 0.012068272310459928,
        "tp": 5.0,
        "fp": 2.0,
        "fn": 9.0,
        "tn": 75.0,
        "precision": 0.7142857142857143,
        "recall": 0.35714285714285715,
        "specificity": 0.974025974025974,
        "fpr": 0.025974025974025976
      },
      "recall_ci": [
        0.14285714285714285,
        0.5714285714285714
      ],
      "specificity_ci": [
        0.935064935064935,
        1.0
      ],
      "precision_ci": [
        0.3333333333333333,
        1.0
      ],
      "auroc": 0.7634508348794063
    }
  },
  "champloo_to_sabdab_caveated": {
    "rung3": {
      "n": 2688,
      "n_positive": 448,
      "n_negative": 2240,
      "metrics": {
        "threshold": 0.4230051823920343,
        "tp": 119.0,
        "fp": 126.0,
        "fn": 329.0,
        "tn": 2114.0,
        "precision": 0.4857142857142857,
        "recall": 0.265625,
        "specificity": 0.94375,
        "fpr": 0.05625
      },
      "recall_ci": [
        0.22544642857142858,
        0.31026785714285715
      ],
      "specificity_ci": [
        0.9339285714285714,
        0.953125
      ],
      "precision_ci": [
        0.433067849277461,
        0.5485655850975623
      ],
      "auroc": 0.6780004384566326
    },
    "rung0_contrast": {
      "n": 2688,
      "n_positive": 448,
      "n_negative": 2240,
      "metrics": {
        "threshold": 0.139759258630658,
        "tp": 128.0,
        "fp": 8.0,
        "fn": 320.0,
        "tn": 2232.0,
        "precision": 0.9411764705882353,
        "recall": 0.2857142857142857,
        "specificity": 0.9964285714285714,
        "fpr": 0.0035714285714285713
      },
      "recall_ci": [
        0.24776785714285715,
        0.33035714285714285
      ],
      "specificity_ci": [
        0.99375,
        0.9986607142857142
      ],
      "precision_ci": [
        0.9018323573154862,
        0.977781862745098
      ],
      "auroc": 0.6914172114158164
    }
  }
}