{
  "primary": {
    "rung0_auroc": 0.7612244897959184,
    "rung3_auroc": 0.7765306122448979,
    "delta_auroc_r3_minus_r0": {
      "point": 0.015306122448979553,
      "ci": [
        -0.03469387755102038,
        0.07247448979591843
      ]
    },
    "n": 84,
    "n_positive": 14,
    "n_negative": 70
  },
  "calibration": {
    "rung3": {
      "n": 84,
      "n_positive": 14,
      "n_negative": 70,
      "metrics": {
        "threshold": 0.331121375037623,
        "tp": 5.0,
        "fp": 1.0,
        "fn": 9.0,
        "tn": 69.0,
        "precision": 0.8333333333333334,
        "recall": 0.35714285714285715,
        "specificity": 0.9857142857142858,
        "fpr": 0.014285714285714285
      },
      "recall_ci": [
        0.14285714285714285,
        0.5714285714285714
      ],
      "specificity_ci": [
        0.9571428571428572,
        1.0
      ],
      "precision_ci": [
        0.5,
        1.0
      ]
    },
    "rung0_contrast": {
      "n": 84,
      "n_positive": 14,
      "n_negative": 70,
      "metrics": {
        "threshold": 0.012068272310459928,
        "tp": 3.0,
        "fp": 1.0,
        "fn": 11.0,
        "tn": 69.0,
        "precision": 0.75,
        "recall": 0.21428571428571427,
        "specificity": 0.9857142857142858,
        "fpr": 0.014285714285714285
      },
      "recall_ci": [
        0.0,
        0.42857142857142855
      ],
      "specificity_ci": [
        0.9571428571428572,
        1.0
      ],
      "precision_ci": [
        0.3333333333333333,
        1.0
      ]
    },
    "frozen_threshold_rung3": 0.331121375037623,
    "frozen_threshold_rung0": 0.012068272310459928
  },
  "secondary_killing": {
    "caveat": "N=14, killing != binding, descriptive only \u2014 no inferential claim",
    "n_functional": 8,
    "n_nonfunctional": 6,
    "killing_auroc_rung3": 0.7708333333333334,
    "functional_scores": [
      0.5323826182745586,
      -1.8652232921322942,
      0.5097452925247963,
      -0.31161822548555373,
      -1.3506608479527278,
      0.44031397986022536,
      0.8698668159222225,
      -1.761187110185949
    ],
    "nonfunctional_scores": [
      -2.4264734139521225,
      -2.1070749645563867,
      -2.449425393475797,
      -0.014039600145555164,
      0.46671908122021066,
      -1.4720303934316188
    ]
  }
}