{
  "feature_names": [
    "iptm",
    "ptm",
    "interface_pae",
    "min_interface_pae",
    "mean_plddt",
    "interface_plddt_missing",
    "n_interface_residues_binder",
    "n_interface_residues_target",
    "buried_sasa_proxy_a2",
    "atom_contacts_5a",
    "shape_complementarity_proxy",
    "atom_clash_fraction_2a",
    "cdr_contact_fraction",
    "cdr1_contact_fraction",
    "cdr2_contact_fraction",
    "cdr3_contact_fraction"
  ],
  "mean": [
    0.3818714450379567,
    0.7216953180752517,
    21.40398743330291,
    9.124672619559403,
    86.07807966499101,
    0.7399553571428571,
    38.66034226190476,
    47.533854166666664,
    159.70000973010505,
    469.85565476190476,
    1.070945308576698,
    6.711075128510114e-07,
    0.6561099333910229,
    0.14449037378517782,
    0.16160640253523947,
    0.35001315707060704
  ],
  "std": [
    0.21193992742194692,
    0.10075155184284232,
    5.813159654396531,
    4.96582512119906,
    4.541282344552176,
    0.438658667506357,
    8.468228711005882,
    14.816648746794085,
    60.339040985816396,
    154.3541170496161,
    0.1370679958043526,
    1.2513978697498058e-06,
    0.16173969831300788,
    0.07147691429245177,
    0.06770916512301682,
    0.1292081663857837
  ],
  "intercept": -1.859389747153904,
  "coef": [
    0.686017425403275,
    -0.08766934779206989,
    -0.6968801613297231,
    0.6582383429590799,
    -0.0539092109958973,
    -0.1642943752973324,
    0.03413472300467117,
    -0.12820013889322499,
    0.019923310657707655,
    0.2258545054365382,
    -0.004266714579668378,
    -0.26084626538575073,
    0.019770339226091043,
    0.033170228704990486,
    -0.04227816027590546,
    0.02855362897084682
  ],
  "threshold": 0.331121375037623,
  "target_precision": 0.9
}