{
  "feature_names": [
    "binder_length",
    "binder_net_charge",
    "binder_aromatic_frac",
    "binder_hydrophobic_frac",
    "binder_polar_frac",
    "binder_cysteine_frac",
    "target_length",
    "target_net_charge",
    "target_aromatic_frac",
    "target_hydrophobic_frac",
    "target_polar_frac",
    "target_cysteine_frac",
    "length_ratio"
  ],
  "mean": [
    126.31842489061741,
    0.4290228488089451,
    0.1069208470721621,
    0.3342560239184462,
    0.27313306567368756,
    0.018926577260336672,
    232.24963539134663,
    -2.4855371900826446,
    0.10515163142450112,
    0.3692132132686724,
    0.21882667910686948,
    0.022382614728683064,
    0.6134429441712089
  ],
  "std": [
    7.526179610643817,
    2.76351914822538,
    0.019403863103860036,
    0.021744268190046677,
    0.024220482013851404,
    0.006580817008264665,
    77.25785736833892,
    6.078138089145935,
    0.033540072884966736,
    0.04138969375863173,
    0.04110141652925589,
    0.020454417002239867,
    0.22617545654715607
  ],
  "intercept": -4.493375435369401,
  "coef": [
    -0.002888344357312124,
    -0.00018663489797254162,
    0.0003308721977810888,
    4.924658210330232e-05,
    0.0018148063327112281,
    -0.0006851533762614246,
    0.02893748463142427,
    0.0011003083246600438,
    -0.0008314543928165239,
    0.0001432479760601196,
    0.0005419802513328128,
    -0.0016185129170390332,
    0.030610971257785134
  ],
  "threshold": -4.467777481972475,
  "target_precision": 0.9
}