{
  "feature_names": [
    "binder_length",
    "binder_net_charge",
    "binder_aromatic_frac",
    "binder_hydrophobic_frac",
    "binder_polar_frac",
    "binder_cysteine_frac",
    "target_length",
    "target_net_charge",
    "target_aromatic_frac",
    "target_hydrophobic_frac",
    "target_polar_frac",
    "target_cysteine_frac",
    "length_ratio"
  ],
  "mean": [
    122.1729460379193,
    0.7261789013125911,
    0.10949757454569907,
    0.33826992618972945,
    0.2785496941995249,
    0.019375917776125497,
    231.44883325230919,
    -2.4855371900826446,
    0.10558144441988515,
    0.37033507512466113,
    0.2196300948395143,
    0.022456280480366422,
    0.5956861693652068
  ],
  "std": [
    4.855757246611623,
    2.636688184537825,
    0.018818421663538944,
    0.02082669471481018,
    0.02584275700050047,
    0.006492187116164043,
    77.14658110082915,
    6.078138089145935,
    0.033874548917009216,
    0.0412143729401736,
    0.041201421799173715,
    0.020514242462062557,
    0.21846704250898683
  ],
  "intercept": -4.493345196044381,
  "coef": [
    -0.0007003184754285061,
    -0.0010118099213485897,
    0.0001509162345779303,
    -0.0007098051791141606,
    0.002130539466700698,
    -0.0011367282815583357,
    0.01890050991791265,
    0.0006185758479442236,
    -0.0011105997631169827,
    9.975266827235847e-06,
    8.409796751492133e-05,
    -0.0014801271498904426,
    0.01949261880962493
  ],
  "threshold": -4.471919431823002,
  "target_precision": 0.9
}