{
  "n": 573891,
  "n_positive": 20980,
  "n_negative": 552911,
  "metrics": {
    "threshold": -4.106747491578488,
    "tp": 17944.0,
    "fp": 419148.0,
    "fn": 3036.0,
    "tn": 133763.0,
    "precision": 0.04105314213026091,
    "recall": 0.8552907530981888,
    "specificity": 0.24192501143945408,
    "fpr": 0.7580749885605459
  },
  "recall_ci": [
    0.8505243088655863,
    0.8601549094375596
  ],
  "specificity_ci": [
    0.24078726051751548,
    0.24296134459252935
  ],
  "precision_ci": [
    0.040825353181338654,
    0.04128009463572227
  ],
  "auroc": 0.6166190492211722
}